file_name,juan,abraham,ulises,label
279.json,1,1,1,1
723.json,0,0,0,0
1120.json,0,0,0,0
852.json,1,1,1,1
1505.json,1,1,1,1
109.json,0,0,0,0
937.json,0,1,1,1
1130.json,1,1,1,1
2073.json,1,1,1,1
1582.json,0,0,0,0
1468.json,1,1,1,1
1364.json,0,0,0,0
1405.json,1,1,1,1
145.json,1,1,1,1
337.json,0,0,0,0
1327.json,1,1,1,1
280.json,0,1,1,1
1879.json,1,1,1,1
459.json,0,0,0,0
1094.json,0,1,1,1
1287.json,0,0,0,0
1773.json,0,0,0,0
1979.json,1,1,0,1
922.json,1,1,1,1
809.json,0,0,0,0
134.json,0,0,0,0
474.json,1,1,1,1
1438.json,1,1,1,1
864.json,0,1,1,1
985.json,1,1,0,1
1003.json,0,1,1,1
2065.json,0,0,0,0
1853.json,1,0,0,0
1245.json,1,1,1,1
1115.json,0,0,0,0
1472.json,0,0,0,0
2076.json,0,0,0,0
2007.json,1,1,1,1
1661.json,1,1,0,1
149.json,1,1,1,1
1702.json,0,0,0,0
1056.json,1,0,0,0
1174.json,0,0,0,0
398.json,0,0,0,0
1026.json,0,0,0,0
275.json,1,1,1,1
675.json,0,0,0,0
72.json,0,0,0,0
1759.json,1,1,1,1
1968.json,0,1,0,0
100.json,0,0,0,0
1779.json,1,1,1,1
1358.json,0,0,0,0
944.json,1,1,1,1
547.json,1,1,1,1
383.json,1,1,1,1
1664.json,1,1,1,1
1292.json,0,0,0,0
1430.json,0,0,0,0
1126.json,0,0,0,0
32.json,1,1,1,1
657.json,0,0,0,0
465.json,1,1,1,1
1157.json,0,1,1,1
1936.json,0,0,0,0
753.json,0,0,0,0
1080.json,0,0,0,0
899.json,1,0,1,1
270.json,0,0,0,0
1923.json,1,1,1,1
281.json,1,1,1,1
356.json,0,0,0,0
566.json,1,1,0,1
207.json,0,1,0,0
875.json,0,1,1,1
1376.json,0,0,0,0
1889.json,0,0,0,0
2021.json,0,1,1,1
153.json,0,0,0,0
987.json,1,1,1,1
1089.json,1,1,1,1
113.json,1,1,1,1
940.json,0,0,0,0
258.json,0,0,0,0
704.json,0,0,0,0
1959.json,1,1,1,1
549.json,0,0,0,0
1144.json,0,0,0,0
2005.json,1,1,1,1
1932.json,1,0,0,0
1301.json,1,1,1,1
1192.json,1,1,1,1
1413.json,1,1,1,1
849.json,0,0,0,0
105.json,0,1,1,1
1862.json,0,1,1,1
1095.json,1,1,1,1
1011.json,0,0,0,0
1508.json,0,1,1,1
346.json,1,1,1,1
257.json,0,0,0,0
965.json,1,1,1,1
1840.json,1,1,1,1
964.json,0,0,0,0
692.json,0,0,0,0
745.json,1,1,1,1
1761.json,1,1,1,1
1017.json,0,0,0,0
813.json,1,1,1,1
1474.json,1,1,0,1
1271.json,1,1,1,1
1191.json,0,0,0,0
1548.json,0,0,0,0
1854.json,0,0,0,0
911.json,0,1,1,1
1028.json,0,0,1,0
1966.json,0,0,0,0
565.json,1,1,1,1
828.json,0,0,0,0
1984.json,0,0,0,0
1076.json,1,0,0,0
225.json,1,1,1,1
1583.json,0,0,0,0
1552.json,1,1,0,1
691.json,1,1,1,1
1771.json,1,1,1,1
1619.json,1,1,1,1
2060.json,1,1,1,1
1042.json,1,1,0,1
1903.json,1,1,1,1
309.json,0,0,0,0
1333.json,1,1,1,1
873.json,0,1,1,1
2081.json,0,0,0,0
969.json,1,1,1,1
995.json,0,0,0,0
1735.json,0,0,0,0
143.json,1,1,1,1
575.json,0,0,0,0
724.json,1,1,1,1
636.json,0,1,1,1
15.json,1,1,1,1
1928.json,0,1,1,1
605.json,0,0,1,0
2072.json,0,0,0,0
1043.json,1,1,1,1
1353.json,1,1,1,1
1697.json,1,1,1,1
448.json,0,1,0,0
910.json,1,1,1,1
1894.json,1,1,1,1
1945.json,1,1,0,1
2063.json,0,1,0,0
244.json,1,1,1,1
492.json,1,1,1,1
878.json,1,1,1,1
846.json,1,1,1,1
1660.json,1,1,1,1
1714.json,1,1,1,1
1706.json,0,0,0,0
418.json,1,1,0,1
487.json,0,0,0,0
2020.json,0,1,1,1
1834.json,1,1,1,1
1389.json,0,0,0,0
800.json,0,0,0,0
534.json,0,1,1,1
1262.json,1,1,1,1
315.json,1,1,1,1
738.json,0,0,0,0
1901.json,0,1,1,1
484.json,1,1,1,1
1160.json,1,1,0,1
1494.json,0,0,0,0
1473.json,0,0,0,0
712.json,1,1,1,1
1978.json,0,0,1,0
2070.json,1,1,1,1
1796.json,0,0,0,0
190.json,1,1,1,1
221.json,0,0,1,0
770.json,1,1,1,1
751.json,1,1,1,1
641.json,0,0,0,0
324.json,1,1,1,1
1729.json,1,1,1,1
766.json,1,1,1,1
914.json,1,1,1,1
1843.json,0,0,0,0
1944.json,1,1,1,1
1408.json,1,1,1,1
1282.json,1,1,1,1
1705.json,1,1,1,1
1304.json,0,0,0,0
266.json,1,0,0,0
1166.json,0,0,0,0
1778.json,0,0,0,0
1018.json,1,1,1,1
321.json,0,0,1,0
1102.json,1,1,1,1
1109.json,0,0,1,0
1437.json,0,1,0,0
1893.json,0,0,0,0
775.json,1,1,1,1
1680.json,0,0,0,0
336.json,0,1,0,0
311.json,1,1,1,1
33.json,0,0,0,0
2009.json,0,0,0,0
640.json,0,0,0,0
1046.json,0,0,0,0
379.json,1,1,1,1
1686.json,0,0,0,0
500.json,1,1,1,1
1397.json,1,1,1,1
375.json,0,0,0,0
1644.json,0,0,0,0
1814.json,1,1,1,1
903.json,0,0,0,0
1864.json,1,1,1,1
148.json,0,0,0,0
399.json,0,0,0,0
2075.json,1,1,1,1
329.json,1,1,1,1
794.json,1,0,0,0
1573.json,1,0,0,0
833.json,1,1,1,1
294.json,0,0,0,0
1150.json,0,0,0,0
1970.json,0,0,0,0
719.json,0,0,0,0
943.json,1,1,1,1
855.json,0,0,0,0
54.json,0,0,0,0
103.json,1,1,1,1
172.json,1,1,1,1
94.json,0,1,1,1
87.json,0,0,0,0
904.json,1,1,0,1
1107.json,1,1,0,1
518.json,0,1,1,1
2068.json,1,1,1,1
1775.json,0,0,0,0
2085.json,0,0,0,0
471.json,1,1,1,1
1079.json,0,0,0,0
656.json,0,0,0,0
836.json,1,1,1,1
942.json,0,0,0,0
1914.json,1,1,1,1
1620.json,1,0,0,0
1140.json,1,1,1,1
950.json,1,1,1,1
60.json,0,0,0,0
242.json,1,1,1,1
400.json,0,1,1,1
934.json,0,0,0,0
1975.json,0,1,0,0
1121.json,1,1,1,1
1442.json,0,0,1,0
978.json,0,0,0,0
1655.json,1,1,1,1
1704.json,0,1,1,1
40.json,0,0,0,0
1420.json,0,0,1,0
812.json,0,1,1,1
59.json,1,1,1,1
509.json,1,1,1,1
789.json,0,0,0,0
46.json,1,1,1,1
1019.json,1,0,1,1
1625.json,1,1,1,1
1669.json,0,0,0,0
422.json,1,1,1,1
591.json,1,1,1,1
1924.json,1,1,0,1
340.json,0,0,0,0
278.json,0,0,0,0
806.json,1,1,1,1
1587.json,0,0,1,0
506.json,1,1,1,1
2025.json,1,0,0,0
253.json,0,0,0,0
334.json,0,0,0,0
982.json,1,1,1,1
1517.json,1,1,1,1
1379.json,1,1,1,1
588.json,0,0,0,0
661.json,0,1,1,1
939.json,1,1,1,1
386.json,1,1,1,1
2088.json,1,1,1,1
498.json,1,1,1,1
896.json,1,1,1,1
708.json,1,1,1,1
1929.json,0,1,1,1
831.json,0,1,1,1
1407.json,1,1,0,1
823.json,1,1,1,1
1319.json,0,0,0,0
1816.json,0,0,0,0
58.json,0,0,0,0
1515.json,0,0,0,0
277.json,0,0,0,0
1183.json,0,0,0,0
645.json,0,0,0,0
1722.json,0,0,0,0
1443.json,0,0,0,0
815.json,1,1,1,1
1732.json,0,0,0,0
1329.json,0,0,0,0
177.json,1,1,1,1
737.json,1,1,1,1
1241.json,1,1,1,1
1198.json,1,1,1,1
1594.json,1,1,0,1
2026.json,0,1,1,1
925.json,0,0,0,0
1041.json,0,0,0,0
672.json,1,1,1,1
124.json,1,1,1,1
1146.json,0,0,0,0
693.json,0,0,1,0
754.json,0,0,0,0
767.json,1,1,1,1
1867.json,1,1,0,1
1762.json,0,0,1,0
35.json,1,1,1,1
1698.json,0,0,0,0
819.json,0,0,0,0
1880.json,0,1,1,1
1054.json,1,1,1,1
85.json,1,1,1,1
1511.json,0,1,0,0
678.json,1,1,1,1
1249.json,0,1,1,1
851.json,0,0,0,0
1892.json,1,0,0,0
1670.json,1,1,1,1
1833.json,1,1,0,1
706.json,1,1,0,1
51.json,1,1,0,1
1200.json,0,0,0,0
1216.json,0,1,1,1
1431.json,1,1,1,1
613.json,0,0,1,0
440.json,1,1,1,1
107.json,0,1,1,1
69.json,1,1,1,1
1926.json,0,0,0,0
477.json,1,1,1,1
451.json,1,1,0,1
962.json,0,0,0,0
638.json,0,0,0,0
1265.json,0,1,0,0
600.json,0,1,1,1
1320.json,0,0,0,0
996.json,0,0,0,0
803.json,0,0,1,0
1302.json,1,1,1,1
1114.json,0,0,0,0
1789.json,0,0,0,0
597.json,1,1,1,1
1116.json,1,1,1,1
93.json,0,0,0,0
1131.json,0,0,0,0
344.json,1,1,1,1
771.json,0,0,0,0
1322.json,0,0,0,0
551.json,0,0,0,0
1487.json,0,0,0,0
1963.json,1,1,1,1
1817.json,0,0,0,0
981.json,1,1,1,1
519.json,1,1,1,1
1534.json,1,1,1,1
1051.json,0,0,0,0
1272.json,0,0,0,0
999.json,0,0,0,0
1058.json,1,0,1,1
1060.json,1,1,1,1
1941.json,0,0,0,0
652.json,0,1,1,1
564.json,1,1,1,1
860.json,1,1,1,1
1627.json,0,0,0,0
1798.json,0,0,0,0
434.json,0,0,0,0
1535.json,1,1,1,1
1007.json,1,1,1,1
2.json,0,1,1,1
1711.json,1,1,1,1
1461.json,1,1,1,1
1185.json,1,1,1,1
470.json,1,1,1,1
633.json,0,0,0,0
224.json,0,1,1,1
39.json,0,1,1,1
571.json,0,0,0,0
889.json,0,0,0,0
427.json,0,0,0,0
802.json,0,0,0,0
1137.json,1,1,1,1
1842.json,1,1,1,1
683.json,0,1,0,0
1769.json,0,0,1,0
768.json,1,1,1,1
1753.json,0,1,1,1
1819.json,0,0,1,0
1696.json,1,1,1,1
785.json,1,1,1,1
1611.json,1,1,1,1
524.json,0,0,0,0
2080.json,0,0,0,0
127.json,0,0,0,0
1767.json,1,1,1,1
1283.json,0,1,1,1
445.json,1,1,1,1
726.json,0,0,0,0
980.json,0,1,1,1
2051.json,1,1,1,1
918.json,1,1,1,1
1377.json,1,1,1,1
1068.json,0,1,1,1
323.json,0,0,0,0
1943.json,1,1,1,1
1996.json,0,0,0,0
1734.json,0,1,1,1
466.json,1,1,1,1
442.json,0,1,1,1
228.json,0,0,0,0
1170.json,0,0,0,0
505.json,0,0,0,0
1897.json,1,1,1,1
298.json,1,0,0,0
817.json,1,1,1,1
332.json,0,0,0,0
734.json,1,1,1,1
1239.json,0,0,0,0
22.json,1,1,1,1
963.json,0,0,0,0
1997.json,1,1,1,1
774.json,1,1,1,1
650.json,1,1,1,1
1456.json,0,0,0,0
1873.json,0,0,0,0
1509.json,0,1,1,1
647.json,0,0,0,0
1088.json,0,0,0,0
907.json,0,0,0,0
241.json,1,1,0,1
1439.json,1,1,1,1
1344.json,1,1,1,1
1453.json,1,1,1,1
1674.json,0,0,1,0
1858.json,1,1,1,1
1916.json,0,0,0,0
1263.json,1,1,0,1
1223.json,1,1,1,1
263.json,0,0,0,0
1073.json,0,0,0,0
1602.json,0,0,1,0
481.json,1,1,1,1
1072.json,1,1,1,1
1336.json,1,1,1,1
1084.json,0,0,0,0
362.json,0,0,0,0
1448.json,0,0,0,0
52.json,0,0,0,0
1317.json,0,0,0,0
1493.json,0,1,0,0
842.json,0,0,0,0
341.json,0,0,0,0
1683.json,1,1,1,1
548.json,1,1,0,1
1335.json,0,0,0,0
2082.json,0,0,0,0
139.json,0,0,0,0
1406.json,0,0,0,0
2058.json,0,0,0,0
1561.json,1,1,1,1
2003.json,0,0,0,0
821.json,0,0,0,0
1907.json,1,1,1,1
393.json,0,0,0,0
1277.json,1,1,1,1
659.json,0,0,0,0
1340.json,0,0,0,0
1203.json,1,0,0,0
655.json,0,0,0,0
1920.json,1,1,1,1
1596.json,0,0,0,0
1165.json,1,1,1,1
96.json,1,1,1,1
1712.json,0,0,0,0
1869.json,0,0,0,0
261.json,1,1,1,1
1575.json,1,1,1,1
154.json,0,1,0,0
1067.json,0,0,0,0
183.json,1,1,1,1
687.json,1,1,1,1
1847.json,0,0,0,0
1692.json,0,1,1,1
722.json,1,1,1,1
78.json,1,1,1,1
983.json,1,1,1,1
1597.json,0,0,0,0
335.json,0,0,0,0
863.json,1,1,1,1
1716.json,1,1,1,1
402.json,0,0,0,0
156.json,0,0,0,0
185.json,0,0,0,0
1885.json,0,0,0,0
2022.json,1,1,1,1
1815.json,0,0,0,0
1117.json,1,1,1,1
2042.json,0,0,0,0
952.json,1,1,1,1
374.json,0,0,0,0
1259.json,0,0,0,0
195.json,0,0,0,0
1764.json,0,0,0,0
460.json,0,0,0,0
1659.json,1,1,1,1
1601.json,1,1,1,1
168.json,1,1,1,1
1143.json,0,0,0,0
1752.json,0,0,0,0
151.json,1,1,1,1
1465.json,1,1,1,1
1136.json,0,0,0,0
1917.json,1,1,1,1
144.json,0,1,1,1
1106.json,1,1,1,1
1050.json,0,1,1,1
57.json,0,0,0,0
599.json,0,0,0,0
455.json,0,0,0,0
43.json,1,1,1,1
1427.json,0,1,1,1
53.json,0,0,1,0
1797.json,1,1,1,1
1606.json,1,1,1,1
1581.json,0,1,0,0
1310.json,1,1,1,1
350.json,0,0,0,0
1411.json,1,1,1,1
1457.json,1,0,0,0
1481.json,0,1,0,0
850.json,0,0,0,0
90.json,0,0,0,0
1151.json,1,1,1,1
1973.json,1,1,1,1
480.json,0,0,0,0
403.json,1,1,1,1
2067.json,0,1,0,0
463.json,0,0,0,0
1749.json,1,1,1,1
1518.json,1,1,1,1
1181.json,1,1,1,1
1745.json,1,1,1,1
1673.json,0,0,1,0
1738.json,1,1,1,1
1629.json,1,1,1,1
2069.json,1,1,1,1
200.json,0,0,0,0
1844.json,1,1,0,1
1049.json,1,1,1,1
201.json,0,0,0,0
1538.json,0,0,1,0
1667.json,0,0,0,0
407.json,0,0,0,0
47.json,0,0,0,0
243.json,0,1,0,0
1362.json,0,0,1,0
1074.json,0,0,0,0
48.json,0,0,0,0
414.json,0,0,0,0
1612.json,0,0,0,0
1622.json,0,0,0,0
115.json,1,1,1,1
1741.json,0,0,0,0
1179.json,1,1,1,1
908.json,0,0,0,0
1288.json,1,1,1,1
716.json,1,1,1,1
348.json,0,0,0,0
1005.json,0,0,0,0
1571.json,1,1,1,1
1585.json,0,0,0,0
1576.json,1,0,0,0
1212.json,0,0,0,0
196.json,1,1,1,1
2037.json,0,0,0,0
1710.json,0,0,0,0
1391.json,1,1,1,1
213.json,1,1,1,1
680.json,1,1,1,1
1010.json,0,0,0,0
1460.json,1,1,1,1
700.json,1,1,1,1
9.json,1,1,1,1
1967.json,1,0,0,0
2074.json,0,0,0,0
2017.json,0,0,0,0
2046.json,1,1,1,1
1220.json,1,1,1,1
1009.json,1,1,1,1
1806.json,1,1,1,1
1871.json,0,0,0,0
844.json,0,0,0,0
2045.json,1,1,1,1
1324.json,1,1,0,1
624.json,0,0,0,0
1615.json,0,0,0,0
147.json,1,1,1,1
615.json,0,0,0,0
354.json,1,1,1,1
175.json,0,0,0,0
36.json,1,1,0,1
178.json,0,0,0,0
1919.json,1,1,1,1
1700.json,1,1,1,1
325.json,1,1,1,1
41.json,1,1,1,1
286.json,0,0,0,0
1755.json,0,1,1,1
102.json,1,1,1,1
1569.json,0,0,0,0
1746.json,0,0,0,0
2079.json,1,1,1,1
1882.json,0,0,0,0
804.json,0,0,0,0
1695.json,0,0,0,0
788.json,0,0,0,0
86.json,1,1,1,1
307.json,1,1,1,1
1463.json,0,0,0,0
2056.json,1,1,1,1
1825.json,1,1,1,1
690.json,1,1,1,1
945.json,0,0,0,0
1261.json,1,1,1,1
390.json,0,1,1,1
1556.json,0,0,0,0
489.json,0,0,0,0
376.json,0,0,0,0
660.json,0,0,0,0
669.json,0,0,0,0
1510.json,1,0,0,0
170.json,1,1,1,1
1603.json,1,1,1,1
358.json,0,1,1,1
1551.json,0,0,0,0
1791.json,0,0,0,0
924.json,1,1,1,1
1047.json,0,0,0,0
946.json,0,1,1,1
1715.json,0,0,0,0
458.json,0,0,0,0
1937.json,0,0,0,0
1790.json,0,0,0,0
1993.json,0,0,0,0
80.json,1,1,1,1
632.json,0,0,0,0
410.json,0,0,0,0
1835.json,0,1,0,0
326.json,0,0,0,0
1240.json,1,1,1,1
320.json,1,1,1,1
790.json,1,1,1,1
1412.json,0,0,0,0
648.json,0,0,0,0
629.json,1,1,1,1
395.json,1,1,1,1
867.json,0,0,0,0
1489.json,0,1,0,0
928.json,0,0,0,0
552.json,1,1,1,1
807.json,0,0,0,0
1139.json,0,0,0,0
1339.json,0,1,0,0
541.json,0,0,0,0
372.json,0,0,0,0
1504.json,0,0,0,0
301.json,1,1,1,1
955.json,0,0,0,0
79.json,1,1,1,1
1077.json,0,0,0,0
920.json,0,0,0,0
1414.json,0,0,0,0
932.json,1,1,1,1
254.json,1,1,1,1
1630.json,1,1,0,1
818.json,0,0,0,0
1227.json,0,0,0,0
1653.json,0,0,0,0
1228.json,0,0,0,0
152.json,0,0,0,0
824.json,0,1,0,0
777.json,1,0,1,1
727.json,0,0,0,0
994.json,1,1,0,1
1931.json,0,0,0,0
130.json,0,0,0,0
1363.json,1,1,1,1
1470.json,1,1,1,1
1356.json,1,1,1,1
1593.json,1,1,1,1
1450.json,0,1,1,1
935.json,0,1,1,1
1479.json,1,1,1,1
208.json,1,1,1,1
1898.json,0,0,0,0
373.json,1,1,1,1
1980.json,0,1,1,1
1754.json,0,0,0,0
1093.json,0,0,0,0
1956.json,1,1,1,1
2064.json,0,1,1,1
773.json,1,1,1,1
1475.json,1,1,1,1
912.json,0,0,0,0
16.json,0,1,1,1
1446.json,0,0,0,0
845.json,1,1,0,1
1490.json,1,1,0,1
919.json,0,0,0,0
616.json,0,0,0,0
956.json,0,0,0,0
1689.json,0,0,0,0
1499.json,1,1,1,1
469.json,1,1,1,1
2050.json,1,1,1,1
333.json,1,0,0,0
1671.json,0,1,1,1
1547.json,1,1,1,1
1152.json,0,0,0,0
1021.json,0,0,0,0
711.json,0,0,0,0
990.json,1,1,1,1
856.json,0,0,0,0
1807.json,1,1,1,1
212.json,1,1,1,1
931.json,1,1,1,1
1852.json,0,0,0,0
1417.json,0,0,0,0
31.json,1,1,1,1
1274.json,0,0,0,0
515.json,0,1,1,1
1502.json,1,1,1,1
1955.json,0,0,0,0
122.json,1,0,0,0
1361.json,1,1,1,1
1237.json,0,0,0,0
1384.json,0,1,1,1
970.json,1,1,1,1
1559.json,0,0,0,0
1651.json,1,0,0,0
577.json,1,1,1,1
688.json,1,1,1,1
642.json,1,1,1,1
756.json,0,0,0,0
1033.json,0,1,1,1
1641.json,0,1,1,1
560.json,1,0,0,0
1969.json,1,1,1,1
1588.json,0,0,0,0
676.json,1,1,1,1
731.json,0,0,0,0
936.json,1,1,1,1
1822.json,0,1,0,0
1694.json,0,1,0,0
521.json,0,0,0,0
1488.json,0,1,1,1
1906.json,1,1,1,1
1312.json,0,0,0,0
586.json,1,1,1,1
835.json,0,1,1,1
401.json,1,1,1,1
1964.json,0,0,0,0
1948.json,1,1,1,1
902.json,1,1,1,1
1132.json,0,0,0,0
1891.json,0,0,0,0
1395.json,0,0,0,0
2061.json,1,1,1,1
121.json,1,1,1,1
287.json,1,1,1,1
579.json,1,0,0,0
1634.json,0,0,0,0
197.json,0,0,0,0
1052.json,0,0,0,0
1399.json,0,0,0,0
2048.json,0,0,0,0
658.json,0,0,0,0
453.json,0,0,0,0
1849.json,0,0,0,0
1536.json,0,0,0,0
1727.json,0,0,0,0
1855.json,0,0,0,0
627.json,0,0,0,0
13.json,0,0,1,0
792.json,1,1,0,1
1813.json,1,1,1,1
596.json,1,1,1,1
1147.json,0,1,1,1
662.json,0,0,0,0
561.json,0,0,0,0
494.json,0,0,0,0
742.json,1,1,1,1
997.json,0,0,0,0
1373.json,0,0,0,0
1592.json,0,0,0,0
1811.json,0,0,0,0
2036.json,1,1,1,1
1772.json,0,0,0,0
1428.json,1,1,1,1
61.json,0,0,0,0
1580.json,1,1,1,1
137.json,0,0,0,0
503.json,0,1,1,1
476.json,0,0,0,0
553.json,0,0,1,0
232.json,0,0,0,0
1173.json,1,1,1,1
1824.json,1,1,1,1
1768.json,0,0,0,0
1645.json,0,0,0,0
18.json,0,0,0,0
1477.json,0,0,0,0
1186.json,0,0,0,0
1962.json,1,1,1,1
26.json,1,0,0,0
406.json,1,1,1,1
1016.json,0,0,0,0
1648.json,0,0,0,0
1566.json,1,1,1,1
876.json,0,0,0,0
578.json,0,0,0,0
1590.json,1,1,1,1
967.json,1,1,1,1
1014.json,1,1,1,1
674.json,0,0,0,0
1826.json,1,1,1,1
749.json,1,0,0,0
385.json,1,1,1,1
961.json,0,0,0,0
1092.json,0,0,0,0
1730.json,1,1,1,1
64.json,0,0,0,0
1466.json,0,0,0,0
1971.json,0,0,0,0
1908.json,0,1,1,1
763.json,1,1,1,1
504.json,0,1,1,1
535.json,1,1,1,1
1281.json,0,0,0,0
539.json,1,1,1,1
5.json,1,1,1,1
1721.json,0,0,0,0
1909.json,1,0,1,1
820.json,1,1,0,1
871.json,0,1,1,1
182.json,0,0,0,0
927.json,1,1,1,1
1500.json,0,0,0,0
142.json,0,0,0,0
437.json,0,1,0,0
1613.json,0,0,0,0
602.json,1,1,1,1
546.json,0,1,1,1
858.json,0,1,1,1
589.json,0,0,0,0
1780.json,1,1,1,1
292.json,1,1,1,1
1497.json,0,0,0,0
798.json,1,1,1,1
1677.json,0,0,0,0
1877.json,1,1,1,1
89.json,0,1,0,0
959.json,0,0,0,0
219.json,1,1,1,1
1701.json,0,1,1,1
1652.json,0,0,1,0
2043.json,0,0,0,0
1378.json,0,0,0,0
825.json,1,1,1,1
915.json,0,0,0,0
883.json,0,0,0,0
1578.json,1,1,1,1
1415.json,0,0,0,0
1498.json,0,0,0,0
1491.json,0,0,0,0
1078.json,1,1,1,1
1485.json,1,1,1,1
733.json,1,1,1,1
371.json,0,0,1,0
276.json,0,0,0,0
189.json,1,1,1,1
330.json,1,1,1,1
938.json,0,0,1,0
682.json,0,0,0,0
223.json,0,0,0,0
1243.json,1,1,0,1
1974.json,0,1,0,0
532.json,1,0,1,1
2049.json,1,0,0,0
581.json,0,0,1,0
1554.json,0,0,0,0
1357.json,0,0,0,0
1621.json,0,1,1,1
394.json,0,0,0,0
604.json,0,0,0,0
56.json,0,0,0,0
495.json,1,1,1,1
2013.json,0,1,0,0
1965.json,1,1,1,1
0.json,0,1,0,0
916.json,0,0,0,0
1690.json,0,0,0,0
523.json,0,0,0,0
744.json,1,1,1,1
1883.json,1,1,1,1
1162.json,0,0,1,0
12.json,1,1,1,1
92.json,1,1,1,1
1366.json,0,0,0,0
1172.json,0,0,0,0
76.json,0,1,0,0
1113.json,0,0,0,0
555.json,0,0,1,0
1410.json,0,0,0,0
1158.json,0,0,0,0
30.json,0,1,0,0
1799.json,1,1,1,1
603.json,0,1,1,1
1.json,1,0,0,0
370.json,1,1,1,1
1201.json,0,0,0,0
514.json,1,1,1,1
685.json,1,1,1,1
1184.json,1,1,1,1
227.json,0,0,0,0
1037.json,1,1,1,1
1861.json,1,1,1,1
1004.json,0,0,0,0
191.json,0,0,0,0
544.json,1,1,1,1
1649.json,1,1,0,1
1744.json,0,0,1,0
420.json,0,0,0,0
1728.json,1,1,1,1
861.json,0,0,0,0
865.json,0,1,0,0
998.json,0,0,0,0
368.json,0,0,0,0
1370.json,1,1,1,1
1295.json,1,1,1,1
1888.json,0,0,0,0
1002.json,0,0,0,0
1560.json,1,1,1,1
1215.json,1,1,1,1
268.json,1,1,1,1
1628.json,0,0,0,0
387.json,1,1,1,1
1290.json,0,0,0,0
1514.json,1,1,1,1
1838.json,0,0,0,0
1257.json,1,0,0,0
868.json,0,0,0,0
1850.json,1,1,1,1
1189.json,0,0,0,0
1315.json,1,1,1,1
2041.json,1,1,1,1
1255.json,0,0,0,0
984.json,0,0,0,0
882.json,0,1,0,0
1112.json,0,0,0,0
893.json,0,0,0,0
1788.json,1,1,1,1
1207.json,0,0,0,0
594.json,1,1,1,1
606.json,1,1,1,1
563.json,1,1,1,1
1398.json,1,1,1,1
408.json,0,0,0,0
1380.json,1,1,1,1
1250.json,1,1,1,1
1707.json,0,0,0,0
1268.json,1,1,1,1
607.json,1,1,1,1
1296.json,0,0,0,0
187.json,0,0,0,0
992.json,0,0,0,0
117.json,0,0,0,0
1624.json,0,0,0,0
1141.json,1,1,1,1
1273.json,1,1,1,1
391.json,1,1,1,1
210.json,0,0,0,0
1182.json,0,0,0,0
631.json,0,0,0,0
877.json,0,0,0,0
1218.json,1,1,0,1
1687.json,1,1,1,1
1679.json,0,0,0,0
236.json,0,1,1,1
1958.json,1,1,1,1
1374.json,1,1,1,1
1935.json,1,1,1,1
582.json,1,1,1,1
1574.json,0,1,1,1
193.json,1,1,1,1
1513.json,0,0,0,0
522.json,0,0,0,0
119.json,0,0,0,0
1345.json,0,0,0,0
1591.json,1,1,1,1
1196.json,0,0,0,0
439.json,0,0,0,0
497.json,1,1,1,1
1260.json,1,1,1,1
1647.json,0,0,0,0
206.json,0,1,0,0
295.json,1,1,1,1
271.json,1,1,1,1
1904.json,0,0,0,0
1953.json,0,1,1,1
1699.json,0,1,1,1
1851.json,1,1,1,1
27.json,0,1,0,0
1925.json,0,0,0,0
349.json,0,0,0,0
1422.json,0,0,0,0
1939.json,1,1,1,1
1104.json,0,0,0,0
517.json,0,0,0,0
1539.json,0,0,0,0
1857.json,1,1,0,1
530.json,0,0,1,0
750.json,0,0,0,0
1519.json,0,0,0,0
441.json,1,1,1,1
736.json,0,0,0,0
462.json,1,1,1,1
702.json,1,1,1,1
1848.json,0,0,0,0
622.json,1,1,1,1
654.json,1,1,1,1
377.json,1,1,1,1
123.json,0,0,0,0
192.json,1,1,1,1
338.json,0,0,0,0
181.json,0,0,0,0
1459.json,0,0,0,0
363.json,1,1,1,1
1039.json,1,1,1,1
1805.json,0,0,0,0
729.json,1,1,1,1
65.json,1,1,1,1
1055.json,0,0,0,0
256.json,1,1,1,1
1447.json,0,0,0,0
423.json,0,0,0,0
1294.json,0,0,0,0
628.json,0,1,0,0
740.json,0,0,0,0
1103.json,1,1,1,1
91.json,1,1,1,1
1167.json,0,0,0,0
764.json,1,1,0,1
104.json,1,1,1,1
1760.json,0,0,0,0
454.json,1,0,0,0
1247.json,1,1,1,1
769.json,1,1,1,1
653.json,1,1,1,1
1252.json,0,1,1,1
975.json,1,1,1,1
252.json,1,1,1,1
49.json,0,1,1,1
1809.json,0,0,1,0
67.json,1,1,1,1
1568.json,0,0,0,0
1638.json,0,0,0,0
1662.json,0,0,0,0
677.json,0,0,1,0
1343.json,0,0,0,0
1435.json,0,0,0,0
1912.json,0,0,0,0
1234.json,1,1,1,1
1176.json,0,0,0,0
780.json,0,1,0,0
1392.json,0,0,0,0
810.json,1,1,1,1
1086.json,0,0,0,0
2028.json,0,0,0,0
485.json,0,0,0,0
255.json,1,1,1,1
1351.json,1,1,1,1
1884.json,1,1,1,1
1256.json,0,0,0,0
1501.json,0,0,0,0
140.json,0,1,0,0
1169.json,0,0,0,0
1035.json,1,1,1,1
345.json,0,0,1,0
1071.json,0,0,0,0
392.json,1,1,1,1
1425.json,1,1,1,1
639.json,0,0,0,0
289.json,1,1,1,1
83.json,0,0,0,0
2078.json,1,1,1,1
1954.json,1,1,1,1
822.json,0,0,0,0
1522.json,0,1,0,0
670.json,0,1,1,1
162.json,1,1,1,1
2030.json,1,1,1,1
1876.json,1,1,1,1
328.json,0,0,0,0
1350.json,1,1,1,1
772.json,1,1,1,1
343.json,1,1,1,1
1570.json,1,1,1,1
366.json,1,1,1,1
1338.json,0,0,0,0
1205.json,0,0,0,0
174.json,0,0,0,0
710.json,1,1,1,1
1803.json,0,1,1,1
646.json,0,0,0,0
2006.json,1,1,1,1
1177.json,0,1,1,1
1213.json,1,1,1,1
169.json,1,1,1,1
2047.json,0,1,1,1
2004.json,1,1,1,1
1480.json,0,0,0,0
246.json,0,0,0,0
695.json,0,0,0,0
20.json,0,0,0,0
1748.json,0,0,0,0
1416.json,0,0,0,0
1059.json,0,0,0,0
250.json,1,1,1,1
267.json,0,0,0,0
1484.json,1,1,1,1
66.json,0,0,0,0
2040.json,1,1,1,1
1777.json,0,0,1,0
355.json,0,0,0,0
203.json,0,0,0,0
1372.json,1,1,1,1
1549.json,1,1,1,1
1565.json,0,0,0,0
784.json,0,0,0,0
1792.json,0,0,0,0
554.json,1,1,1,1
1444.json,1,1,1,1
443.json,1,1,1,1
567.json,1,1,1,1
283.json,1,1,1,1
694.json,1,1,1,1
331.json,0,0,0,0
826.json,0,0,1,0
2044.json,0,0,0,0
536.json,1,1,1,1
1577.json,0,0,0,0
1403.json,1,1,1,1
1784.json,1,1,1,1
1516.json,0,0,0,0
1314.json,1,1,1,1
957.json,0,1,0,0
419.json,0,0,0,0
1688.json,1,1,1,1
1193.json,0,0,0,0
1763.json,0,0,0,0
2023.json,1,1,1,1
888.json,0,0,0,0
758.json,0,1,1,1
239.json,1,0,1,1
869.json,0,0,0,0
1523.json,1,1,1,1
1989.json,0,0,0,0
1782.json,0,1,0,0
1503.json,0,1,1,1
841.json,0,0,0,0
799.json,1,1,1,1
7.json,1,1,1,1
1793.json,1,1,1,1
1202.json,1,1,1,1
885.json,0,0,1,0
848.json,1,1,1,1
488.json,0,0,0,0
2086.json,0,0,0,0
160.json,0,0,0,0
585.json,0,1,1,1
415.json,0,0,0,0
2008.json,0,0,1,0
1025.json,1,1,1,1
507.json,1,1,1,1
118.json,0,0,0,0
540.json,0,0,0,0
388.json,1,1,1,1
347.json,1,1,1,1
449.json,0,1,1,1
929.json,0,0,0,0
1770.json,1,1,1,1
1108.json,0,0,0,0
1300.json,0,0,0,0
1311.json,0,0,0,0
626.json,1,1,1,1
1558.json,1,1,1,1
305.json,0,0,0,0
1388.json,1,1,1,1
621.json,0,0,0,0
721.json,0,1,1,1
1709.json,0,0,0,0
979.json,0,0,0,0
351.json,0,0,0,0
1303.json,0,0,0,0
1940.json,0,1,0,0
2071.json,1,1,1,1
679.json,0,1,1,1
1827.json,0,0,0,0
1529.json,0,0,0,0
801.json,1,1,1,1
81.json,0,0,0,0
1607.json,1,1,1,1
1064.json,1,1,1,1
827.json,1,1,1,1
1957.json,0,0,0,0
1030.json,0,0,0,0
1998.json,0,0,0,0
264.json,0,1,0,0
1061.json,0,0,0,0
1225.json,0,0,0,0
1083.json,0,1,1,1
1821.json,0,0,0,0
542.json,0,1,1,1
209.json,1,1,1,1
1994.json,1,1,1,1
1626.json,0,0,0,0
913.json,0,0,0,0
1737.json,0,1,0,0
99.json,1,1,1,1
297.json,0,0,0,0
404.json,0,1,0,0
319.json,0,0,0,0
1800.json,0,0,1,0
814.json,1,1,1,1
464.json,1,1,1,1
1623.json,0,0,0,0
2057.json,0,0,0,0
781.json,0,1,0,0
1171.json,1,1,1,1
1238.json,0,0,0,0
1308.json,1,1,1,1
308.json,1,1,1,1
229.json,1,1,1,1
1125.json,0,0,1,0
1180.json,1,1,1,1
667.json,1,1,1,1
135.json,0,0,0,0
1856.json,0,0,0,0
1309.json,1,1,1,1
306.json,1,1,1,1
1096.json,0,0,0,0
125.json,1,0,0,0
1633.json,1,0,0,0
1992.json,0,0,0,0
1122.json,0,0,1,0
1347.json,1,1,1,1
1977.json,0,0,0,0
1742.json,0,0,0,0
760.json,0,0,0,0
947.json,1,1,1,1
590.json,0,0,0,0
1663.json,0,0,0,0
247.json,1,1,1,1
1062.json,1,1,1,1
1972.json,0,1,0,0
1048.json,1,1,1,1
1008.json,0,0,0,0
120.json,1,1,1,1
805.json,0,0,0,0
1156.json,1,1,1,1
304.json,1,1,1,1
380.json,0,0,0,0
1462.json,0,0,0,0
1393.json,1,1,1,1
1718.json,1,0,0,0
1572.json,1,1,1,1
1642.json,1,1,1,1
783.json,1,1,1,1
673.json,0,0,1,0
2038.json,1,1,1,1
186.json,1,1,1,1
233.json,1,1,1,1
797.json,1,1,1,1
1069.json,0,0,0,0
248.json,0,0,0,0
2012.json,0,0,0,0
1927.json,1,1,1,1
1986.json,0,0,0,0
1355.json,1,1,0,1
1685.json,1,1,1,1
412.json,1,1,1,1
1221.json,1,1,1,1
1065.json,0,0,0,0
1178.json,0,0,1,0
1469.json,1,1,1,1
1555.json,1,1,1,1
686.json,1,1,1,1
1454.json,1,1,1,1
1044.json,1,1,1,1
1567.json,0,0,0,0
1636.json,0,0,0,0
1404.json,0,0,0,0
467.json,0,1,0,0
1839.json,1,1,1,1
525.json,0,0,0,0
859.json,0,1,0,0
1868.json,0,0,0,0
73.json,0,0,0,0
173.json,0,0,1,0
1254.json,0,0,0,0
1434.json,1,1,1,1
1507.json,1,1,1,1
155.json,1,0,0,0
2027.json,0,0,0,0
1424.json,1,1,1,1
644.json,0,0,0,0
1031.json,1,0,1,1
291.json,1,1,1,1
431.json,0,0,0,0
405.json,1,1,1,1
1930.json,1,1,1,1
1831.json,0,0,0,0
612.json,0,0,0,0
843.json,0,0,1,0
1900.json,0,0,0,0
1557.json,0,0,0,0
1451.json,1,1,1,1
1029.json,1,1,1,1
146.json,1,1,1,1
1110.json,0,0,0,0
755.json,1,1,1,1
1012.json,1,0,0,0
879.json,0,1,0,0
608.json,1,1,1,1
1421.json,0,1,0,0
839.json,1,1,1,1
361.json,0,0,0,0
1402.json,0,0,0,0
634.json,1,0,0,0
974.json,0,0,0,0
1334.json,0,0,0,0
529.json,0,1,1,1
1918.json,1,1,1,1
1604.json,1,1,1,1
1163.json,1,1,1,1
528.json,0,0,0,0
34.json,0,0,0,0
1387.json,1,1,1,1
84.json,0,0,0,0
138.json,0,0,0,0
635.json,0,0,0,0
838.json,0,0,1,0
444.json,0,0,0,0
1330.json,1,1,1,1
1349.json,1,1,1,1
251.json,0,0,0,0
317.json,0,0,0,0
1471.json,0,1,1,1
198.json,0,0,0,0
1383.json,0,0,0,0
874.json,0,0,0,0
989.json,0,0,0,0
1506.json,1,1,1,1
42.json,1,1,1,1
1520.json,1,1,1,1
697.json,0,0,0,0
1286.json,0,0,0,0
537.json,0,0,0,0
1313.json,0,0,0,0
1134.json,0,0,0,0
384.json,1,1,1,1
1053.json,1,1,1,1
881.json,0,0,0,0
2000.json,1,1,1,1
1441.json,0,0,0,0
598.json,1,1,1,1
1101.json,0,0,0,0
1081.json,0,1,0,0
1812.json,1,1,1,1
671.json,1,0,0,0
1987.json,1,1,1,1
2010.json,1,1,1,1
359.json,0,0,0,0
352.json,0,0,0,0
397.json,1,1,1,1
111.json,0,0,0,0
2016.json,1,1,1,1
1832.json,0,0,0,0
1371.json,1,0,0,0
436.json,0,0,0,0
1258.json,0,0,0,0
1731.json,1,1,1,1
215.json,0,0,0,0
568.json,0,0,0,0
322.json,0,1,1,1
71.json,0,0,0,0
17.json,0,1,0,0
1541.json,0,0,0,0
725.json,1,1,1,1
973.json,1,1,1,1
1983.json,0,0,0,0
432.json,0,0,0,0
1532.json,1,1,1,1
1866.json,1,1,1,1
1153.json,1,1,0,1
1418.json,1,1,1,1
1859.json,1,1,1,1
1452.json,0,0,0,0
1911.json,0,0,0,0
1097.json,1,1,1,1
1020.json,1,1,1,1
816.json,0,0,0,0
1276.json,0,0,0,0
426.json,0,0,0,0
1075.json,1,1,1,1
1038.json,1,1,1,1
2014.json,0,0,0,0
1375.json,0,0,0,0
1950.json,0,0,0,0
75.json,1,0,1,1
569.json,1,1,1,1
808.json,0,0,0,0
202.json,0,0,0,0
435.json,0,1,1,1
179.json,1,1,1,1
70.json,0,0,0,0
1040.json,1,1,1,1
2052.json,1,1,0,1
2024.json,0,0,1,0
128.json,1,1,1,1
1910.json,1,1,1,1
1837.json,1,1,1,1
1100.json,0,0,0,0
1332.json,0,0,0,0
1750.json,1,0,0,0
570.json,0,0,0,0
482.json,1,1,1,1
1801.json,0,0,1,0
1161.json,1,1,1,1
574.json,0,0,0,0
82.json,0,0,0,0
1682.json,1,1,1,1
526.json,1,1,1,1
665.json,1,1,1,1
703.json,1,1,1,1
150.json,1,1,1,1
314.json,1,1,1,1
625.json,1,1,1,1
778.json,0,1,1,1
1890.json,0,0,0,0
533.json,0,0,0,0
1951.json,1,1,0,1
1787.json,0,1,0,0
786.json,0,0,0,0
1118.json,0,1,1,1
894.json,1,1,1,1
730.json,0,0,0,0
1878.json,1,1,1,1
1369.json,0,0,0,0
1804.json,0,0,0,0
986.json,0,0,0,0
421.json,1,1,1,1
1305.json,0,0,0,0
4.json,0,0,0,0
1933.json,0,0,0,0
1635.json,1,1,1,1
2055.json,0,0,0,0
921.json,0,0,0,0
19.json,0,0,0,0
272.json,0,0,0,0
1222.json,0,0,0,0
1298.json,1,1,1,1
1708.json,1,1,1,1
847.json,1,1,1,1
245.json,0,0,0,0
1230.json,0,0,0,0
1124.json,0,0,0,0
28.json,0,0,0,0
220.json,1,1,1,1
1188.json,0,1,1,1
77.json,1,1,1,1
834.json,0,0,0,0
188.json,1,1,1,1
1015.json,1,1,1,1
164.json,0,0,0,0
1553.json,0,0,0,0
559.json,0,1,1,1
231.json,0,0,0,0
1747.json,1,1,1,1
1467.json,1,1,1,1
38.json,0,0,0,0
1197.json,0,0,0,0
1280.json,0,0,0,0
1751.json,0,0,0,0
1875.json,0,0,0,0
37.json,0,0,0,0
1279.json,0,0,0,0
1253.json,1,1,1,1
906.json,0,0,0,0
1639.json,0,0,0,0
923.json,0,1,1,1
732.json,0,0,0,0
274.json,1,1,1,1
378.json,0,0,0,0
302.json,1,1,1,1
1531.json,1,0,0,0
1976.json,1,1,1,1
2054.json,0,0,0,0
2077.json,0,0,0,0
1187.json,1,1,1,1
240.json,0,1,1,1
2059.json,1,1,1,1
1841.json,1,1,1,1
1545.json,1,1,1,1
1032.json,0,0,0,0
1382.json,0,0,0,0
1774.json,0,0,0,0
8.json,0,0,1,0
527.json,0,0,0,0
1284.json,0,0,0,0
562.json,0,0,1,0
592.json,0,0,0,0
1656.json,0,0,0,0
1991.json,0,0,0,0
1999.json,1,1,1,1
199.json,0,0,0,0
1085.json,1,1,1,1
1533.json,1,1,0,1
1036.json,1,1,1,1
1022.json,1,1,1,1
1528.json,1,1,1,1
1703.json,1,1,1,1
1765.json,0,0,0,0
696.json,0,0,0,0
776.json,1,1,1,1
1368.json,1,1,1,1
1543.json,0,0,0,0
1063.json,0,0,0,0
132.json,0,0,0,0
235.json,0,0,0,0
1455.json,1,1,1,1
516.json,0,1,0,0
184.json,0,0,0,0
951.json,0,0,0,0
958.json,1,1,0,1
486.json,1,0,0,0
450.json,0,0,0,0
583.json,1,1,1,1
282.json,0,0,0,0
1267.json,0,0,0,0
1354.json,1,1,1,1
1668.json,1,1,1,1
1154.json,0,0,0,0
1676.json,1,1,1,1
1512.json,0,1,1,1
1739.json,0,0,0,0
1564.json,0,0,0,0
609.json,0,0,1,0
1232.json,1,1,1,1
318.json,0,0,0,0
216.json,0,1,1,1
991.json,1,1,1,1
163.json,1,1,1,1
108.json,1,0,0,0
993.json,1,1,1,1
746.json,0,0,0,0
1896.json,0,1,1,1
1321.json,0,0,0,0
1190.json,0,0,0,0
1985.json,0,1,1,1
1148.json,0,0,0,0
45.json,1,1,1,1
1360.json,0,1,1,1
886.json,0,0,1,0
538.json,1,1,1,1
493.json,0,0,0,0
433.json,0,0,0,0
490.json,1,1,1,1
141.json,0,0,0,0
573.json,0,0,0,0
1057.json,0,0,0,0
1733.json,0,1,1,1
204.json,1,1,1,1
1886.json,0,0,0,0
55.json,1,1,1,1
901.json,0,0,0,0
917.json,0,1,1,1
1818.json,0,0,0,0
630.json,0,0,0,0
1934.json,1,1,1,1
364.json,1,1,1,1
1640.json,1,1,1,1
1233.json,1,1,1,1
1432.json,0,0,0,0
1023.json,1,1,1,1
1226.json,1,1,1,1
23.json,0,0,0,0
1650.json,0,1,1,1
1736.json,1,1,1,1
1229.json,0,0,0,0
1887.json,1,1,1,1
545.json,1,1,1,1
1681.json,0,0,0,0
1217.json,0,0,0,0
425.json,0,0,0,0
1719.json,1,1,1,1
1902.json,1,1,1,1
300.json,1,1,1,1
194.json,1,1,1,1
1224.json,0,0,0,0
1995.json,0,0,0,0
728.json,0,0,0,0
2039.json,1,1,1,1
977.json,0,1,1,1
508.json,0,0,0,0
811.json,0,1,1,1
543.json,0,0,0,0
1921.json,0,0,1,0
499.json,0,1,1,1
238.json,1,1,1,1
870.json,1,1,1,1
1299.json,0,0,0,0
761.json,0,0,0,0
6.json,0,0,0,0
468.json,0,0,0,0
237.json,1,1,1,1
430.json,0,0,0,0
1563.json,0,0,0,0
1829.json,1,1,1,1
1476.json,1,1,1,1
976.json,0,0,0,0
218.json,0,0,0,0
367.json,1,1,1,1
558.json,0,0,0,0
1637.json,1,1,1,1
618.json,1,1,1,1
131.json,1,1,1,1
269.json,1,1,1,1
496.json,0,1,0,0
699.json,1,0,1,1
1724.json,0,0,0,0
1526.json,1,1,1,1
1820.json,0,0,0,0
1952.json,0,1,1,1
1464.json,0,0,0,0
1248.json,0,0,0,0
2034.json,0,0,0,0
601.json,0,1,1,1
2066.json,0,0,0,0
2002.json,0,0,0,0
857.json,0,0,0,0
795.json,1,1,1,1
159.json,0,0,0,0
161.json,0,0,0,0
1087.json,1,1,1,1
114.json,1,1,1,1
312.json,0,0,0,0
1691.json,0,1,0,0
1870.json,0,0,0,0
651.json,0,0,0,0
1231.json,1,1,1,1
63.json,0,0,0,0
968.json,0,0,1,0
741.json,0,0,0,0
1610.json,0,0,0,0
483.json,1,1,1,1
1492.json,0,0,0,0
1269.json,0,1,1,1
698.json,1,0,0,0
1657.json,1,1,1,1
1895.json,0,0,0,0
1675.json,1,1,1,1
1905.json,1,1,1,1
892.json,0,0,0,0
2029.json,1,1,1,1
757.json,1,1,1,1
1802.json,0,0,0,0
550.json,0,0,0,0
1337.json,1,1,1,1
895.json,0,0,0,0
396.json,0,0,0,0
832.json,0,0,0,0
416.json,0,0,0,0
1589.json,1,1,0,1
475.json,0,0,0,0
249.json,1,1,1,1
1599.json,0,1,1,1
1426.json,1,1,1,1
1348.json,0,1,1,1
1542.json,1,1,1,1
1386.json,1,1,1,1
2018.json,0,0,0,0
1631.json,0,0,0,0
2062.json,0,0,0,0
1099.json,0,0,0,0
1293.json,0,0,0,0
316.json,0,1,1,1
1449.json,0,0,0,0
717.json,1,1,1,1
681.json,1,1,1,1
1922.json,1,1,1,1
1550.json,0,0,0,0
1614.json,0,0,0,0
793.json,0,0,0,0
1394.json,1,1,1,1
668.json,1,1,0,1
1723.json,1,1,1,1
327.json,0,0,0,0
1352.json,0,0,0,0
369.json,1,1,1,1
1264.json,1,1,1,1
840.json,0,0,0,0
74.json,1,1,1,1
1915.json,0,0,1,0
890.json,0,0,0,0
1846.json,0,0,1,0
735.json,0,0,0,0
720.json,1,1,1,1
762.json,1,1,1,1
226.json,1,1,1,1
713.json,1,1,1,1
2087.json,0,0,0,0
284.json,0,1,1,1
1145.json,0,0,0,0
837.json,0,0,1,0
898.json,0,0,0,0
689.json,0,0,0,0
1396.json,1,1,1,1
666.json,1,1,1,1
339.json,0,0,0,0
880.json,0,1,0,0
2015.json,0,1,1,1
1726.json,0,0,0,0
905.json,0,0,0,0
357.json,1,1,1,1
95.json,1,1,1,1
1168.json,0,1,1,1
707.json,0,0,1,0
887.json,1,1,1,1
1342.json,1,1,1,1
44.json,1,1,1,1
262.json,1,1,1,1
580.json,0,0,0,0
1155.json,0,1,1,1
718.json,1,1,1,1
1608.json,0,0,0,0
1159.json,0,1,1,1
1235.json,0,0,0,0
167.json,1,1,1,1
1525.json,0,0,0,0
1717.json,1,1,1,1
1326.json,1,1,1,1
1119.json,1,1,1,1
166.json,1,1,1,1
461.json,1,1,1,1
3.json,0,0,0,0
1899.json,0,0,0,0
502.json,1,1,1,1
1776.json,0,0,0,0
1138.json,1,1,1,1
617.json,0,0,0,0
1359.json,0,1,0,0
456.json,1,1,1,1
10.json,1,0,0,0
1436.json,1,0,1,1
2032.json,1,1,1,1
409.json,0,1,1,1
747.json,1,1,0,1
1495.json,0,0,0,0
68.json,1,1,1,1
116.json,1,1,1,1
1874.json,1,1,1,1
479.json,0,0,0,0
966.json,0,0,1,0
796.json,0,0,0,0
1562.json,1,1,1,1
165.json,0,1,1,1
884.json,1,1,1,1
948.json,0,0,0,0
1325.json,1,1,1,1
1881.json,1,1,1,1
1219.json,0,0,0,0
1001.json,1,0,0,0
1486.json,0,0,0,0
1323.json,1,1,1,1
260.json,1,1,1,1
684.json,1,1,1,1
960.json,1,0,1,1
1000.json,0,0,0,0
1440.json,1,1,1,1
830.json,0,0,0,0
1521.json,0,0,0,0
1758.json,0,0,0,0
972.json,0,0,0,0
1863.json,0,0,0,0
1246.json,0,0,0,0
1913.json,1,1,1,1
1129.json,0,0,0,0
1982.json,1,1,1,1
1045.json,0,0,0,0
1808.json,0,0,1,0
472.json,0,0,0,0
779.json,1,1,1,1
1783.json,0,0,0,0
50.json,1,1,1,1
382.json,0,0,0,0
25.json,1,1,1,1
230.json,0,0,0,0
98.json,1,1,1,1
126.json,1,1,1,1
2033.json,1,1,1,1
1740.json,0,0,0,0
133.json,0,1,1,1
1949.json,0,0,0,0
1609.json,1,1,1,1
1946.json,1,1,1,1
1579.json,0,0,0,0
1665.json,1,1,1,1
1961.json,0,0,0,0
1872.json,1,1,1,1
478.json,1,1,1,1
556.json,1,1,1,1
1478.json,1,1,1,1
1725.json,0,1,1,1
14.json,0,1,0,0
1208.json,1,1,1,1
1341.json,1,1,1,1
1381.json,0,0,0,0
933.json,1,1,1,1
1365.json,0,0,0,0
1938.json,0,0,0,0
217.json,0,1,1,1
714.json,0,0,0,0
953.json,0,0,0,0
1316.json,0,1,1,1
587.json,1,1,1,1
1693.json,1,1,1,1
1618.json,0,0,0,0
637.json,0,0,0,0
1307.json,0,0,0,0
1133.json,1,1,1,1
429.json,0,0,0,0
1483.json,0,0,0,0
1960.json,1,1,1,1
381.json,0,0,0,0
1013.json,1,1,1,1
1684.json,1,1,1,1
1458.json,0,0,0,0
1836.json,0,0,0,0
1810.json,0,0,0,0
1419.json,1,1,1,1
610.json,0,0,0,0
1194.json,1,1,1,1
891.json,0,0,0,0
29.json,0,0,0,0
787.json,1,1,1,1
620.json,0,0,0,0
1445.json,0,0,0,0
447.json,1,1,1,1
1127.json,0,0,0,0
1289.json,0,0,0,0
614.json,0,0,0,0
1757.json,0,0,0,0
623.json,0,0,0,0
211.json,0,0,1,0
941.json,1,1,1,1
285.json,1,1,1,1
180.json,0,0,0,0
1433.json,1,1,0,1
303.json,1,1,1,1
1024.json,1,1,1,1
1401.json,0,0,0,0
909.json,0,0,1,0
222.json,1,1,1,1
1658.json,0,0,0,0
1175.json,1,1,0,1
205.json,0,0,0,0
2089.json,0,1,1,1
1027.json,1,1,1,1
1278.json,0,0,0,0
1537.json,0,0,0,0
293.json,0,1,1,1
1828.json,0,0,0,0
1318.json,1,1,1,1
926.json,0,0,0,0
1199.json,0,0,0,0
62.json,1,1,1,1
452.json,0,0,0,0
739.json,0,0,0,0
1743.json,0,0,0,0
2019.json,0,1,1,1
1616.json,0,0,0,0
1678.json,0,1,1,1
171.json,1,1,1,1
743.json,1,1,1,1
988.json,1,1,1,1
593.json,0,0,0,0
1206.json,1,1,1,1
971.json,1,0,1,1
510.json,0,0,0,0
649.json,0,1,1,1
791.json,0,0,0,0
782.json,1,1,1,1
1128.json,0,1,0,0
1209.json,1,1,1,1
584.json,0,0,0,0
296.json,0,0,0,0
663.json,0,0,0,0
2083.json,1,1,1,1
611.json,1,1,1,1
1823.json,0,0,0,0
2035.json,1,1,1,1
1781.json,1,1,1,1
1865.json,1,0,1,1
310.json,0,0,0,0
413.json,0,0,0,0
1409.json,1,1,1,1
491.json,0,0,1,0
829.json,1,1,1,1
1786.json,0,0,1,0
106.json,0,0,0,0
24.json,0,0,0,0
1600.json,0,0,0,0
313.json,0,0,0,0
930.json,1,1,1,1
290.json,1,1,1,1
872.json,1,1,1,1
457.json,0,1,1,1
1251.json,1,1,1,1
1266.json,0,0,0,0
1423.json,0,1,1,1
88.json,1,1,1,1
513.json,0,0,0,0
265.json,0,0,0,0
709.json,0,0,0,0
748.json,0,1,1,1
1034.json,0,0,0,0
1306.json,0,0,0,0
1586.json,1,1,1,1
112.json,0,1,0,0
1947.json,1,0,1,1
1524.json,1,1,1,1
1149.json,1,1,1,1
1006.json,1,1,1,1
1098.json,1,1,1,1
715.json,0,0,0,0
446.json,1,1,1,1
511.json,0,1,0,0
1672.json,1,1,1,1
1214.json,0,0,0,0
643.json,0,0,0,0
1297.json,0,0,0,0
1527.json,0,0,0,0
273.json,1,1,1,1
129.json,0,0,1,0
1595.json,0,0,1,0
1785.json,1,1,1,1
1390.json,1,1,1,1
1795.json,1,1,1,1
1070.json,0,0,0,0
752.json,1,1,1,1
1632.json,1,1,1,1
1291.json,0,0,0,0
512.json,0,0,0,0
664.json,1,1,1,1
1860.json,1,1,1,1
110.json,1,1,1,1
1584.json,0,0,0,0
1666.json,0,0,1,0
1082.json,0,0,1,0
1540.json,1,1,1,1
1654.json,0,0,0,0
1210.json,1,1,1,1
1990.json,1,1,0,1
2001.json,1,1,1,1
176.json,0,0,0,0
389.json,0,1,1,1
1988.json,1,1,1,1
97.json,1,1,1,1
438.json,1,1,1,1
954.json,0,0,0,0
299.json,0,0,0,0
1142.json,0,0,0,0
705.json,1,1,1,1
1367.json,0,0,0,0
866.json,1,0,1,1
1105.json,1,1,1,1
1756.json,0,0,0,0
1211.json,0,0,0,0
1598.json,0,0,0,0
411.json,1,1,1,1
1429.json,0,0,0,0
1242.json,1,1,1,1
1270.json,0,0,0,0
520.json,1,1,1,1
157.json,1,1,1,1
2011.json,1,1,1,1
1275.json,1,1,1,1
557.json,0,0,0,0
353.json,1,1,1,1
360.json,0,0,0,0
897.json,0,0,0,0
1981.json,1,1,1,1
473.json,0,0,0,0
862.json,0,1,1,1
2084.json,1,1,1,1
1135.json,1,1,1,1
1204.json,0,0,0,0
136.json,1,1,1,1
1066.json,1,1,1,1
1713.json,1,1,1,1
1496.json,0,0,0,0
1090.json,1,1,1,1
1617.json,0,0,0,0
1236.json,0,0,0,0
1830.json,0,1,1,1
1544.json,0,0,0,0
365.json,1,1,1,1
2031.json,0,0,0,0
417.json,1,1,1,1
531.json,0,0,0,0
101.json,1,1,1,1
1285.json,0,0,0,0
1720.json,0,0,0,0
214.json,0,0,0,0
259.json,0,0,0,0
900.json,1,1,0,1
765.json,0,0,0,0
1845.json,1,1,1,1
1400.json,0,0,1,0
158.json,0,1,1,1
576.json,0,0,0,0
1091.json,1,1,1,1
1942.json,1,1,1,1
234.json,1,1,1,1
1331.json,0,0,0,0
288.json,0,0,0,0
21.json,0,1,1,1
1546.json,1,1,1,1
701.json,1,0,0,0
2053.json,0,0,0,0
1244.json,0,0,0,0
949.json,0,0,0,0
1643.json,0,1,0,0
428.json,0,0,0,0
1123.json,0,1,1,1
1385.json,1,1,1,1
342.json,1,1,1,1
1482.json,0,0,0,0
1794.json,0,0,0,0
1646.json,0,0,0,0
1328.json,0,0,0,0
11.json,0,0,0,0
501.json,0,0,0,0
595.json,0,0,0,0
1605.json,0,0,0,0
853.json,1,1,1,1
854.json,0,0,0,0
1346.json,0,0,1,0
572.json,0,0,0,0
1766.json,1,1,1,1
424.json,0,0,0,0
1195.json,1,1,1,1
619.json,0,0,0,0
1164.json,1,1,1,1
1111.json,1,1,1,1
759.json,0,0,0,0
1530.json,1,1,0,1
